CREATE DATABASE  IF NOT EXISTS `findscenery` /*!40100 DEFAULT CHARACTER SET utf8 COLLATE utf8_bin */ /*!80016 DEFAULT ENCRYPTION='N' */;
USE `findscenery`;
-- MySQL dump 10.13  Distrib 8.0.18, for Win64 (x86_64)
--
-- Host: 127.0.0.1    Database: findscenery
-- ------------------------------------------------------
-- Server version	8.0.17

/*!40101 SET @OLD_CHARACTER_SET_CLIENT=@@CHARACTER_SET_CLIENT */;
/*!40101 SET @OLD_CHARACTER_SET_RESULTS=@@CHARACTER_SET_RESULTS */;
/*!40101 SET @OLD_COLLATION_CONNECTION=@@COLLATION_CONNECTION */;
/*!50503 SET NAMES utf8 */;
/*!40103 SET @OLD_TIME_ZONE=@@TIME_ZONE */;
/*!40103 SET TIME_ZONE='+00:00' */;
/*!40014 SET @OLD_UNIQUE_CHECKS=@@UNIQUE_CHECKS, UNIQUE_CHECKS=0 */;
/*!40014 SET @OLD_FOREIGN_KEY_CHECKS=@@FOREIGN_KEY_CHECKS, FOREIGN_KEY_CHECKS=0 */;
/*!40101 SET @OLD_SQL_MODE=@@SQL_MODE, SQL_MODE='NO_AUTO_VALUE_ON_ZERO' */;
/*!40111 SET @OLD_SQL_NOTES=@@SQL_NOTES, SQL_NOTES=0 */;

--
-- Table structure for table `city_info`
--

DROP TABLE IF EXISTS `city_info`;
/*!40101 SET @saved_cs_client     = @@character_set_client */;
/*!50503 SET character_set_client = utf8mb4 */;
CREATE TABLE `city_info` (
  `city_id` varchar(45) NOT NULL COMMENT '路线ID+序号',
  `city_name` varchar(20) NOT NULL COMMENT '城市名称',
  `route_id` varchar(45) NOT NULL COMMENT '所属路线ID',
  `start_time` int(11) NOT NULL COMMENT '出发时间',
  `start_count` int(11) NOT NULL COMMENT '一天内排序',
  PRIMARY KEY (`city_id`),
  UNIQUE KEY `city_id_UNIQUE` (`city_id`)
) ENGINE=InnoDB DEFAULT CHARSET=utf8mb4 COLLATE=utf8mb4_0900_ai_ci COMMENT='城市信息表';
/*!40101 SET character_set_client = @saved_cs_client */;

--
-- Dumping data for table `city_info`
--

LOCK TABLES `city_info` WRITE;
/*!40000 ALTER TABLE `city_info` DISABLE KEYS */;
INSERT INTO `city_info` VALUES ('854657700@qq.com2020612222714-1-1','阿坝','854657700@qq.com2020612222714',1,1),('854657700@qq.com2020612222714-2-1','阿坝','854657700@qq.com2020612222714',2,1),('854657700@qq.com202068161236-1-1','成都','854657700@qq.com202068161236',1,1),('854657700@qq.com202068162752-1-1','成都','854657700@qq.com202068162752',1,1),('854657700@qq.com202068163553-1-1','成都','854657700@qq.com202068163553',1,1),('854657700@qq.com202068164841-1-1','成都','854657700@qq.com202068164841',1,1),('854657700@qq.com202068192729-1-1','成都','854657700@qq.com202068192729',1,1),('854657700@qq.com20206819387-1-1','成都','854657700@qq.com20206819387',1,1),('854657700@qq.com202068194533-1-1','成都','854657700@qq.com202068194533',1,1),('854657700@qq.com202068195338-1-1','成都','854657700@qq.com202068195338',1,1),('854657700@qq.com202068195338-2-1','乐山','854657700@qq.com202068195338',2,1),('854657700@qq.com202068195338-3-1','成都','854657700@qq.com202068195338',3,1),('854657700@qq.com202068201121-1-1','成都','854657700@qq.com202068201121',1,1),('854657700@qq.com202068201121-2-1','盐源','854657700@qq.com202068201121',2,1),('854657700@qq.com202068201121-3-1','成都','854657700@qq.com202068201121',3,1),('854657700@qq.com20206820365-1-1','都江堰','854657700@qq.com20206820365',1,1),('854657700@qq.com20206820365-2-1','阿坝州','854657700@qq.com20206820365',2,1),('854657700@qq.com20206820365-3-1','成都','854657700@qq.com20206820365',3,1),('854657700@qq.com202068214251-1-1','乐山','854657700@qq.com202068214251',1,1),('854657700@qq.com202068214251-2-1','成都','854657700@qq.com202068214251',2,1),('854657700@qq.com2020682178-1-1','乐山','854657700@qq.com2020682178',1,1),('854657700@qq.com2020682178-2-1','峨眉山','854657700@qq.com2020682178',2,1),('854657700@qq.com2020682178-3-1','成都','854657700@qq.com2020682178',3,1),('854657700@qq.com202068221721-1-1','喀纳斯','854657700@qq.com202068221721',1,1),('854657700@qq.com202068221721-2-1','喀纳斯','854657700@qq.com202068221721',2,1),('854657700@qq.com20206822231-1-1','开封','854657700@qq.com20206822231',1,1),('854657700@qq.com20206822231-2-1','开封','854657700@qq.com20206822231',2,1),('854657700@qq.com202068222944-1-1','台北','854657700@qq.com202068222944',1,1),('854657700@qq.com202068222944-2-1','台北','854657700@qq.com202068222944',2,1),('854657700@qq.com202068222944-3-1','台北','854657700@qq.com202068222944',3,1),('854657700@qq.com202068224252-1-1','泉州','854657700@qq.com202068224252',1,1),('854657700@qq.com202068224252-1-2','厦门','854657700@qq.com202068224252',1,2),('854657700@qq.com202068225210-1-1','北京','854657700@qq.com202068225210',1,1),('854657700@qq.com202068225210-2-1','北京','854657700@qq.com202068225210',2,1),('854657700@qq.com2020682310-1-1','三亚','854657700@qq.com2020682310',1,1),('854657700@qq.com2020682310-2-1','三亚','854657700@qq.com2020682310',2,1),('854657700@qq.com202069103217-1-1','大阪','854657700@qq.com202069103217',1,1),('854657700@qq.com202069103217-2-1','京都','854657700@qq.com202069103217',2,1),('854657700@qq.com202069145013-1-1','里斯本','854657700@qq.com202069145013',1,1),('854657700@qq.com202069145013-2-1','里斯本','854657700@qq.com202069145013',2,1),('854657700@qq.com202069145013-3-1','多哈','854657700@qq.com202069145013',3,1),('854657700@qq.com202069145726-1-1','萨尔茨堡','854657700@qq.com202069145726',1,1),('854657700@qq.com202069145726-2-1','贝希特斯加登','854657700@qq.com202069145726',2,1),('854657700@qq.com202069145726-3-1','贝希特斯加登','854657700@qq.com202069145726',3,1),('854657700@qq.com20206995941-1-1','烟台','854657700@qq.com20206995941',1,1),('854657700@qq.com20206995941-2-1','烟台','854657700@qq.com20206995941',2,1),('854657700@qq.com20206995941-2-2','曲阜','854657700@qq.com20206995941',2,2),('854657700@qq.com20206995941-3-1','曲阜','854657700@qq.com20206995941',3,1);
/*!40000 ALTER TABLE `city_info` ENABLE KEYS */;
UNLOCK TABLES;

--
-- Table structure for table `collect_route`
--

DROP TABLE IF EXISTS `collect_route`;
/*!40101 SET @saved_cs_client     = @@character_set_client */;
/*!50503 SET character_set_client = utf8mb4 */;
CREATE TABLE `collect_route` (
  `collect_id` int(11) NOT NULL AUTO_INCREMENT,
  `user_id` varchar(45) NOT NULL,
  `route_id` varchar(45) NOT NULL,
  `collect_date` varchar(40) NOT NULL COMMENT '收藏日期',
  PRIMARY KEY (`collect_id`)
) ENGINE=InnoDB AUTO_INCREMENT=38 DEFAULT CHARSET=utf8mb4 COLLATE=utf8mb4_0900_ai_ci COMMENT='路线收藏表';
/*!40101 SET character_set_client = @saved_cs_client */;

--
-- Dumping data for table `collect_route`
--

LOCK TABLES `collect_route` WRITE;
/*!40000 ALTER TABLE `collect_route` DISABLE KEYS */;
INSERT INTO `collect_route` VALUES (18,'854657700@qq.com','854657700@qq.com202068161236','20200609215412'),(19,'854657700@qq.com','854657700@qq.com202068162752','20200609215416'),(20,'854657700@qq.com','854657700@qq.com202068163553','20200609215418'),(21,'854657700@qq.com','854657700@qq.com202068214251','20200609215429'),(22,'854657700@qq.com','854657700@qq.com2020682178','20200609215434'),(23,'854657700@qq.com','854657700@qq.com202068221721','20200609215439'),(24,'1632408202@qq.com','854657700@qq.com202068161236','20200611221353'),(25,'1632408202@qq.com','854657700@qq.com202068162752','20200611221354'),(26,'1632408202@qq.com','854657700@qq.com202068163553','20200611221428'),(27,'1632408202@qq.com','854657700@qq.com2020682178','20200611221430'),(28,'1632408202@qq.com','854657700@qq.com202068214251','20200611221431'),(29,'1632408202@qq.com','854657700@qq.com202068221721','20200611221435'),(32,'liujingxiang971018@163.com','854657700@qq.com202068161236','20200615140336'),(33,'liujingxiang971018@163.com','854657700@qq.com202068163553','20200615140340'),(34,'liujingxiang971018@163.com','854657700@qq.com202068214251','20200615140341'),(35,'1205767729@qq.com','854657700@qq.com202068161236','20200618164442'),(36,'1205767729@qq.com','854657700@qq.com2020682178','20200618164445'),(37,'1205767729@qq.com','854657700@qq.com20206822231','20200618164451');
/*!40000 ALTER TABLE `collect_route` ENABLE KEYS */;
UNLOCK TABLES;

--
-- Table structure for table `dislike_route`
--

DROP TABLE IF EXISTS `dislike_route`;
/*!40101 SET @saved_cs_client     = @@character_set_client */;
/*!50503 SET character_set_client = utf8mb4 */;
CREATE TABLE `dislike_route` (
  `dislike_id` int(11) NOT NULL AUTO_INCREMENT,
  `user_id` varchar(45) NOT NULL,
  `route_id` varchar(45) NOT NULL,
  PRIMARY KEY (`dislike_id`)
) ENGINE=InnoDB AUTO_INCREMENT=35 DEFAULT CHARSET=utf8mb4 COLLATE=utf8mb4_0900_ai_ci COMMENT='点踩表';
/*!40101 SET character_set_client = @saved_cs_client */;

--
-- Dumping data for table `dislike_route`
--

LOCK TABLES `dislike_route` WRITE;
/*!40000 ALTER TABLE `dislike_route` DISABLE KEYS */;
/*!40000 ALTER TABLE `dislike_route` ENABLE KEYS */;
UNLOCK TABLES;

--
-- Table structure for table `like_route`
--

DROP TABLE IF EXISTS `like_route`;
/*!40101 SET @saved_cs_client     = @@character_set_client */;
/*!50503 SET character_set_client = utf8mb4 */;
CREATE TABLE `like_route` (
  `like_id` int(11) NOT NULL AUTO_INCREMENT COMMENT '点赞表的id',
  `user_id` varchar(45) NOT NULL COMMENT '点赞的用户id',
  `route_id` varchar(45) NOT NULL COMMENT '点赞的路线id',
  PRIMARY KEY (`like_id`)
) ENGINE=InnoDB AUTO_INCREMENT=30 DEFAULT CHARSET=utf8mb4 COLLATE=utf8mb4_0900_ai_ci COMMENT='用户点赞表';
/*!40101 SET character_set_client = @saved_cs_client */;

--
-- Dumping data for table `like_route`
--

LOCK TABLES `like_route` WRITE;
/*!40000 ALTER TABLE `like_route` DISABLE KEYS */;
INSERT INTO `like_route` VALUES (24,'854657700@qq.com','854657700@qq.com2020682178'),(25,'854657700@qq.com','854657700@qq.com202068221721'),(28,'1205767729@qq.com','854657700@qq.com202068161236'),(29,'1205767729@qq.com','854657700@qq.com202068214251');
/*!40000 ALTER TABLE `like_route` ENABLE KEYS */;
UNLOCK TABLES;

--
-- Table structure for table `route_info`
--

DROP TABLE IF EXISTS `route_info`;
/*!40101 SET @saved_cs_client     = @@character_set_client */;
/*!50503 SET character_set_client = utf8mb4 */;
CREATE TABLE `route_info` (
  `route_id` varchar(45) NOT NULL COMMENT '用户ID+创建时间戳',
  `route_name` varchar(45) NOT NULL COMMENT '路线名称',
  `user_id` varchar(30) NOT NULL COMMENT '创建用户的id',
  `route_createTime` varchar(40) NOT NULL COMMENT '路线创建的时间',
  `route_avatar` varchar(100) DEFAULT NULL COMMENT '路线背景图片索引',
  `route_label` varchar(10) NOT NULL COMMENT '路线标签：情侣、亲子、吃货、学生、老人；文化、山水、都市、人文',
  `route_detail` varchar(200) NOT NULL COMMENT '路线介绍',
  `start_time` varchar(20) NOT NULL COMMENT '路线开始时间',
  `spend_time` int(11) NOT NULL DEFAULT '1' COMMENT '花费时间，至少为1',
  `person_number` int(11) NOT NULL COMMENT '路线参数人数',
  `route_cost` float NOT NULL COMMENT '出行费用',
  `like_number` int(11) NOT NULL DEFAULT '0' COMMENT '点赞数',
  `dislike_number` int(11) NOT NULL DEFAULT '0' COMMENT '点踩数',
  `collect_number` int(11) NOT NULL DEFAULT '0' COMMENT '收藏人数',
  PRIMARY KEY (`route_id`),
  UNIQUE KEY `route_id_UNIQUE` (`route_id`)
) ENGINE=InnoDB DEFAULT CHARSET=utf8mb4 COLLATE=utf8mb4_0900_ai_ci COMMENT='路线信息表';
/*!40101 SET character_set_client = @saved_cs_client */;

--
-- Dumping data for table `route_info`
--

LOCK TABLES `route_info` WRITE;
/*!40000 ALTER TABLE `route_info` DISABLE KEYS */;
INSERT INTO `route_info` VALUES ('854657700@qq.com2020612222714','一个人的旅行，给自己来一场电影感旅拍','854657700@qq.com','2020年6月12日 22:27','../route_avatar/854657700@qq.com20200612223848.jpg','情侣,文化','南方的孩子稀奇雪，我也不例外，每年冬天看着北方的人们在雪地里撒欢，都羡慕的不得了，当然，北方人对雪的淡然更让人抓狂，厚厚的雪，滚雪球，堆雪人，打雪仗，这些北方已经玩腻了的，对于南方人来说，简直是梦幻般的渴望。','2020-06-01',2,3,4361,0,0,0),('854657700@qq.com202068161236','蓄谋已久的成都之行','854657700@qq.com','2020年6月8日 16:12','../route_avatar/854657700@qq.com20200612222029.jpg','亲子,人文','在成都，时间过得很慢，这是座慢悠悠的城市，慵懒，闲适，是这里的品性；在成都，时间过得很快，呆在这里，无比的惬意、安逸，让你的假期显得如此短暂。在成都，最不适合是走马观花，在成都，最好不要赶场子。游荡之中，体会这里的繁华与安祥。','2020-06-15',1,1,500,1,0,5),('854657700@qq.com202068162752','心心念念的天府之国','854657700@qq.com','2020年6月8日 16:27','../route_avatar/854657700@qq.com20200612221848.jpg','吃货,都市','对成都的印象，还是二十多年前的回忆；\n再往前，那就是电影和小说中红色场景的回放了。\n感谢新媒体和现代通讯的发展，让成都一下子火了起来。\n看看现代的春熙路商业街、探视三国圣地—武侯祠，成为金秋自由行的重点。','2020-07-01',1,1,1000,0,0,2),('854657700@qq.com202068163553','慢游成都之走街串巷','854657700@qq.com','2020年6月8日 16:35','../route_avatar/854657700@qq.com20200612221642.jpg','老人,都市','虽然一直想去 成都 玩，但总是停留在嘴上说说，主要是身边朋友很少能吃辣的。某天和小鱼说起，一拍即合，机票说定就定，日期一旦确定好，行程做起来就很顺手啦！','2020-08-05',1,1,1000,0,0,4),('854657700@qq.com202068164841','站住！这个吃货同学又来成都报道！','854657700@qq.com','2020年6月8日 16:48','../route_avatar/854657700@qq.com20200612221509.jpg','老人,文化','成都 ，于我的感情是不一样的，因为我的大豆妈住 成都 ，只要有家人的地方就是我的家，所以来 成都就是“回家”。而且每一次回家都会有不同的惊喜！\n来康康，这一次跟随UP主 这一次发现的新大陆们！','2020-08-07',1,1,1000,0,0,0),('854657700@qq.com202068192729','在成都谈一场永不分手的恋爱','854657700@qq.com','2020年6月8日 19:27','../route_avatar/854657700@qq.com20200612221252.jpg','学生,文化','你理想中的城市是什么样子？\n一千个人有一千个答案。\n但没有任何地方能够取代成都在我们心里的地位。\n我们热爱 成都 五彩市井的烟火气；\n\n','2020-06-06',1,1,1500,0,0,0),('854657700@qq.com20206819387','初中毕业后的独自旅行——成都','854657700@qq.com','2020年6月8日 19:38','../route_avatar/854657700@qq.com20200612221046.jpg','学生,都市','在我初中毕业以前，去过的地方便已不少，祖国的大好河山也曾领略一二。初二的时候也就是17年的那个炎热暑假，我就与父母一起飞赴日本旅行。但无论我去到多远的地方，总是有父母在身边陪伴，我要做的只是看清脚下的路别让自己跌跤，剩下的一切都不必操心。。','2020-07-28',1,1,1000,0,0,0),('854657700@qq.com202068194533','四川自驾游：成都-乐山-峨眉山=成都','854657700@qq.com','2020年6月8日 19:45','../route_avatar/854657700@qq.com20200612220940.jpg','老人,都市','时间过的真的很快，看着以前的照片感觉时光飞逝\n最近家里的电脑硬盘突然坏了，一些珍贵的照片都丢失了\n萌发了我想写游记贴照片的想法，希望留住一些美好的回忆','2020-07-09',3,2,5000,0,0,0),('854657700@qq.com202068195338','四川省内三日撒欢游','854657700@qq.com','2020年6月8日 19:53','../route_avatar/854657700@qq.com20200612220518.jpg','老人,人文','四川 ，虽然来过几次，但是来了还想再来。记忆中 成都 的小吃、触动内心的 色达 、沁心的玉龙拉措以及神秘的 德格 印经院等等。不过偌大的 四川 ，我还有许多地方没有寻觅到，所以此行去 四川 ，就是想去尽可能多的地方， 四川 我们来了','2020-08-12',3,3,5000,0,0,0),('854657700@qq.com202068201121','五年之约，一场追逐暖阳的冬日自驾之旅','854657700@qq.com','2020年6月8日 20:11','../route_avatar/854657700@qq.com20200612220251.jpg','学生,人文','五年前，拿到属于我们的第一台老车，连常规检查都没做，收起行李，从成都直奔泸沽湖；那一次有惊无险的旅程，是我和小强在一起的第一段自驾之旅。绝美的湖光山色在脑海里未曾散去，我们相互约定将来有机会还会再来这里！','2019-12-07',3,2,10000,0,0,0),('854657700@qq.com20206820365','神仙景色——解锁317边缘的川西小瑞士','854657700@qq.com','2020年6月8日 20:36','../route_avatar/854657700@qq.com20200612220002.jpg','学生,山水','每一个喜欢自驾的人，都希望用车轮丈量广袤的大地，在天地间自由驰骋。\n每一个有趣的灵魂，都可以在川西的土地上，找到契合自己的坐标点。\n作为一个四川人，我们真的很幸福！\n川西一直是被上帝偏爱的地方，从地理角度看，这里是一级阶梯青藏高原与二级阶梯四川盆地的交汇处，纵横交错的山脉中拥有中国最美也是最神秘的景致','2020-01-07',3,2,10000,0,0,0),('854657700@qq.com202068214251','乐山48小时！美食的味道！','854657700@qq.com','2020年6月8日 21:42','../route_avatar/854657700@qq.com20200612215650.jpg','吃货,都市','乐山 ，我心目中唯一拥有能和 自贡 争夺食物链顶端菜系的地方。\n我去 乐山 的那个周末，恰好是一个 阳光灿烂 的 黄道吉日 ，留守 成都 的小伙伴娅娅哀叹：“朋友圈一半的人在 乐山 ，一半人在参加婚礼。”','2020-02-05',2,2,5000,1,0,4),('854657700@qq.com2020682178','最美的风景永远在路上','854657700@qq.com','2020年6月8日 21:7','../route_avatar/854657700@qq.com20200612215418.jpg','学生,文化','峨眉山是佛教名山，也是普贤菩萨的道场，山中众多的寺庙，让这里充满了佛陀的气息。\n·山中的景色极美，四季各有美景可看。随海拔不同，分为低中高三个区。\n·登顶金顶远眺，视野宽阔，景色壮丽，有一览众山小的气势。选择观看日出','2020-01-24',3,2,10790,1,0,3),('854657700@qq.com202068221721','【新疆之美，中国之傲】2019金秋喀纳斯环线','854657700@qq.com','2020年6月8日 22:17','../route_avatar/854657700@qq.com20200612215102.jpg','吃货,人文','2019，两次新疆，6月伊犁和9月喀纳斯，\n还有稍带10月底的塔里木胡杨林，\n从旅行的角度讲，基本涵盖了新疆的大部分旅游精华，\n算是内容丰富，也足够深度。','2019-09-12',2,1,22341,1,0,2),('854657700@qq.com20206822231','我在开封碎碎念，这座古都有点“野”','854657700@qq.com','2020年6月8日 22:2','../route_avatar/854657700@qq.com20200612214814.jpg','吃货,山水','提起开封，也是座跟我颇有渊源的城市，因为离我家不算远，都是中原地区的城市，所以打小常听到大人们讲到这里，倒也觉得习以为常，貌似没什么特别之处。\n','2020-01-08',2,1,5200,0,0,1),('854657700@qq.com202068222944','紫禁城遗珍——“云游”台北故宫博物院','854657700@qq.com','2020年6月8日 22:29','../route_avatar/854657700@qq.com20200612214459.jpg','吃货,文化','因为此次疫情的影响，相信很多小伙伴从春节到五一，再到现在，依然没办法自由地出去玩。而且鉴于目前的两岸关系，何时恢复台湾G签尚不得知，所以理论上来讲各位在一段时期内应该都是没法去台湾旅行了。既然如此，不妨跟着我的这篇游记，来一次“云游”台北故宫博物院吧。\n假设未来的某一天，G签恢复，想去台湾的小伙伴们也可以把游记里的内容作为参观台北故宫的一些参考。','2020-01-09',3,2,17000,0,0,0),('854657700@qq.com202068224252','闽南自驾美食踪迹——带上父母去旅行','854657700@qq.com','2020年6月8日 22:42','../route_avatar/854657700@qq.com20200612214109.jpg','亲子,都市','很多年轻人，包括我自己，非常喜欢外出旅行。甚至有的人，年纪轻轻就已经去过十几个国家、上百座城市了，这听起来很令人羡慕。\n但是想到我们的父母亲，他们又去过多少城市呢？\n','2020-02-05',2,3,21215,0,0,0),('854657700@qq.com202068225210','没有一个春天不会来临 | 北京春天的诗情画意','854657700@qq.com','2020年6月8日 22:52','../route_avatar/854657700@qq.com20200612213803.jpg','亲子,人文','没有一个冬天不可逾越，没有一个春天不会来临。”这是2020年冬春最鼓舞人心的一句话。因为疫情的原因，人们改变了很多旅行计划，不再出国，甚至不再出自己的城市。即使在城市中也尽可能不出门，或者只去人少空旷的地方。','2020-04-15',2,2,12412,0,0,0),('854657700@qq.com2020682310','北纬18度的浪漫，闺蜜团三亚暴走之旅！','854657700@qq.com','2020年6月8日 23:1','../route_avatar/854657700@qq.com20200612213446.jpg','亲子,都市','这是一篇搁置了两个月的游记，虽然对三亚行程记忆犹新，只是不知道该如何用文字描述这种悸动，终于有时间来好好斟酌，给这次三亚暴走之旅，画上一个圆满的句号。\n那就先刷刷美图，洗洗眼睛，也是很快乐的事情哦。','2019-06-20',2,2,21421,0,0,0),('854657700@qq.com202069103217','2019年初夏的日本关西之旅（大阪、京都）','854657700@qq.com','2020年6月9日 10:32','../route_avatar/854657700@qq.com20200612213146.jpg','亲子,山水','寻找传统日本的旅行者，不可错过京都、奈良、镰仓等古都的庙宇、神社与街道。对大都市风貌感兴趣的朋友，东京、大阪、名古屋的摩天大厦和游乐园可以满足你的需求。横滨、神户、长崎、函馆等港口城市，有着浓郁的西欧风情。','2019-12-02',2,2,42140,0,0,0),('854657700@qq.com202069145013','去欧罗巴大陆尽头吹吹风 ——葡萄牙3日行','854657700@qq.com','2020年6月9日 14:50','../route_avatar/854657700@qq.com20200612212025.jpg','情侣,山水','多次到欧洲，都与欧罗巴大陆最西边的葡萄牙擦肩而过。青少年时代是从中国近代史知道葡萄牙：作为欧洲的“大航海时代”起锚扬帆的引领者，葡萄牙殖民澳门上百年，台湾也是被葡萄牙船员命名为“福尔摩沙”(Formosa—葡语“美丽之岛”)。','2019-12-24',3,1,53421,0,0,0),('854657700@qq.com202069145726','跨越中欧平原（三）：仲夏夜之梦','854657700@qq.com','2020年6月9日 14:57','../route_avatar/854657700@qq.com20200612211410.jpg','情侣,文化','1773年，载誉归来的莫扎特搬到了新城市场广场附近一座宽敞的大宅之中，即如今的莫扎特故居所在地。在莫扎特定居于此之前，这座楼房原为一所贵族舞蹈学校，名为“舞蹈大师之家”，因此故居二楼的舞厅非常开阔。故居之中以各种历史文件详细地展示了莫扎特父子的生平。','2020-02-19',3,3,21412,0,0,0),('854657700@qq.com20206995941','山东休闲3日行之烟台，蓬莱，曲阜','854657700@qq.com','2020年6月9日 9:59','../route_avatar/854657700@qq.com20200612204457.jpg','亲子,山水','019年4月的时候去了一次青岛，实在是太喜欢这个地方（暗暗的打算以后在这个地方养老）。本身就是北方人的我，再次从南方回到北方只能说太亲切太舒服了。今年由于疫情原因再次游山东的计划被搁浅了很久。看到5月疫情缓解了不少，终于成功出游了。','2020-05-20',3,2,15124,0,0,0);
/*!40000 ALTER TABLE `route_info` ENABLE KEYS */;
UNLOCK TABLES;

--
-- Table structure for table `scenery_comment`
--

DROP TABLE IF EXISTS `scenery_comment`;
/*!40101 SET @saved_cs_client     = @@character_set_client */;
/*!50503 SET character_set_client = utf8mb4 */;
CREATE TABLE `scenery_comment` (
  `comment_id` int(11) NOT NULL AUTO_INCREMENT,
  `user_id` varchar(50) NOT NULL COMMENT '用户id',
  `scenery_id` varchar(45) NOT NULL COMMENT '地点id',
  `comment_date` varchar(30) NOT NULL COMMENT '评论的年月日',
  `comment_detail` varchar(100) NOT NULL COMMENT '评论的文字信息',
  PRIMARY KEY (`comment_id`)
) ENGINE=InnoDB AUTO_INCREMENT=21 DEFAULT CHARSET=utf8mb4 COLLATE=utf8mb4_0900_ai_ci COMMENT='地点评论表';
/*!40101 SET character_set_client = @saved_cs_client */;

--
-- Dumping data for table `scenery_comment`
--

LOCK TABLES `scenery_comment` WRITE;
/*!40000 ALTER TABLE `scenery_comment` DISABLE KEYS */;
INSERT INTO `scenery_comment` VALUES (15,'1632408202@qq.com','854657700@qq.com202068161236-1-1-2','2020年06月11日 23:13:05','还行。'),(18,'1632408202@qq.com','854657700@qq.com202068161236-1-1-2','2020年06月11日 23:17:21','还行'),(19,'1205767729@qq.com','854657700@qq.com2020682178-1-1-1','2020年06月18日 17:00:26','乐山大佛位于乐山，处于三江回流之处，不仅风景好看，而且美食 也非常的多。');
/*!40000 ALTER TABLE `scenery_comment` ENABLE KEYS */;
UNLOCK TABLES;

--
-- Table structure for table `scenery_info`
--

DROP TABLE IF EXISTS `scenery_info`;
/*!40101 SET @saved_cs_client     = @@character_set_client */;
/*!50503 SET character_set_client = utf8mb4 */;
CREATE TABLE `scenery_info` (
  `scenery_id` varchar(35) NOT NULL COMMENT '路线ID+地点序号',
  `scenery_name` varchar(20) NOT NULL COMMENT '地点名称',
  `city_id` varchar(45) NOT NULL COMMENT '所属的城市id',
  `start_count` int(11) NOT NULL COMMENT '景点排序',
  `scenery_score` float NOT NULL DEFAULT '0' COMMENT '地点评分',
  `scenery_avatar` varchar(100) DEFAULT NULL COMMENT '景点图片',
  `scenery_detail` text COMMENT '地点的详细介绍',
  `scenery_location` varchar(50) DEFAULT NULL COMMENT '地点的位置',
  `scenery_traffic` varchar(20) DEFAULT NULL COMMENT '地点的交通方式',
  `scenery_telephone` varchar(20) DEFAULT NULL COMMENT '地点的联系方式',
  PRIMARY KEY (`scenery_id`),
  UNIQUE KEY `scenery_id_UNIQUE` (`scenery_id`)
) ENGINE=InnoDB DEFAULT CHARSET=utf8mb4 COLLATE=utf8mb4_0900_ai_ci COMMENT='地点信息表';
/*!40101 SET character_set_client = @saved_cs_client */;

--
-- Dumping data for table `scenery_info`
--

LOCK TABLES `scenery_info` WRITE;
/*!40000 ALTER TABLE `scenery_info` DISABLE KEYS */;
INSERT INTO `scenery_info` VALUES ('854657700@qq.com2020612222714-1-1-1','毕棚沟','854657700@qq.com2020612222714-1-1',1,4,'../scenery_avatar/854657700@qq.com20200612223955.png','毕棚沟位于四川省阿坝藏族羌族自治州理县朴头乡梭罗沟境内，是国内非常知名的红叶观赏圣地。世界自然遗产、世界生物圈保护区网络、国家AAAA级旅游景区、国家级生态旅游示范区，四川省级生态旅游示范区。','阿坝藏族羌族自治州理县朴头乡境内','汽车','18280381160'),('854657700@qq.com2020612222714-1-1-2','故尔沟','854657700@qq.com2020612222714-1-1',2,5,'../scenery_avatar/854657700@qq.com20200612224043.jpg','古尔沟神峰温泉位于理县古尔沟神峰山下，故称古尔沟神峰温泉。地处米亚罗风景区腹地，国道317线旁，距离成都232公里，距县城32公里。\n','阿坝藏族羌族自治州米亚罗风景区理县古尔沟神峰山下','汽车','18280381160'),('854657700@qq.com2020612222714-2-1-1','鹧鸪山','854657700@qq.com2020612222714-2-1',1,5,'../scenery_avatar/854657700@qq.com20200612224133.png','鹧鸪山位于四川省阿坝藏族羌族自治州理县与马尔康县交界处，海拔四千多米。因山体形如喜欢朝着太阳飞的鹧鸪鸟而得名。','四川省阿坝藏族羌族自治州理县','汽车','18280381160'),('854657700@qq.com202068161236-1-1-1','宽窄巷子','854657700@qq.com202068161236-1-1',1,4,'../scenery_avatar/854657700@qq.com20200612222108.jpg','1，宽窄巷子位于四川bai省成都市青羊区长顺街附近。\n2，由宽巷子、窄巷子、井zhi巷子平行dao排列组成，全为青黛砖瓦的仿古四合院落。\n3，这里也是成都遗留下来的较成规模的清朝古街道，与大慈寺、文殊院一起并称为成都三大历史文化名城保护街区。','四川省成都市青羊区长顺街','地铁','028-31312222'),('854657700@qq.com202068161236-1-1-2','春熙路','854657700@qq.com202068161236-1-1',2,4,'../scenery_avatar/854657700@qq.com20200612222119.jpg','春熙路位于成都市锦江区春熙路街道，覆盖北新街以东、总府路以南、红星路以西、东大街以北、南新街、中新街以及临街区域，面积大约20公顷。春熙路热闹繁华，现大约有商业网点700家，网点面积大约220000㎡，被业内誉为中国特色商业街','成都市锦江区春熙路街道','公交车','028-31132222'),('854657700@qq.com202068162752-1-1-1','武侯祠','854657700@qq.com202068162752-1-1',1,5,'../scenery_avatar/854657700@qq.com20200612221906.jpg','武侯祠，位于四川省成都市武侯区武侯祠大街231号，始建于章武三年（223年），原是纪念诸葛亮的专祠，亦称孔明庙、诸葛祠、丞相祠等，后合并为君臣合祀祠庙。武侯祠是民众对蜀汉丞相诸葛亮“鞠躬尽瘁死而后已”精神的肯定和赞誉的载体，也是三国遗迹源头，由汉昭烈庙、武侯祠、惠陵、三义庙四部分组成，属于成都武侯祠博物馆的文化遗产保护区。','四川省成都市武侯区武侯祠大街231号','公交车','028-61003408'),('854657700@qq.com202068162752-1-1-2','青羊宫','854657700@qq.com202068162752-1-1',2,4,'../scenery_avatar/854657700@qq.com20200612221939.jpg','青羊宫始建于周朝，原名青羊肆。至明朝，唐朝所建殿宇毁于兵灾。现存建筑大多为清代康熙六至十年（公元1667年——公元1671年）陆续重建，占地面积约12万平方米。\n青羊宫主要建筑有山门、三清殿、唐王殿等。宫内混元殿高大雄伟，八卦亭是其中保存最完整、造型最华贵的建筑，供奉着老子骑着青牛的塑像。青羊宫内最宝贵的文物是一部《道藏辑要》，是世界上保存最完整的版本，成为研究道教的珍贵资料。','青羊宫位于四川省成都市一环路西二段','公交车','028-65012309'),('854657700@qq.com202068163553-1-1-1','望江楼','854657700@qq.com202068163553-1-1',1,4,'../scenery_avatar/854657700@qq.com20200612221721.jpg','望江楼公园位于四川省成都市东门外九眼桥锦江南岸一片茂林修竹之中，面积188亩，园内岸柳石栏，波光楼影，翠竹夹道，亭阁相映，主要建筑崇丽阁、濯锦楼、浣笺亭、五云仙馆、流杯池和泉香榭等。\n望江楼公园是明清两代为纪念唐代女诗人薛涛而先后在此建起来的，民国时辟为望江楼公园，现为全国重点文物保护单位。','望江楼公园位于四川省成都市东门外九眼桥锦江南岸','公交车','028-67319232'),('854657700@qq.com202068163553-1-1-2','四川大学华西校区','854657700@qq.com202068163553-1-1',2,4,'../scenery_avatar/854657700@qq.com20200612221744.jpg','四川大学华西医学中心（West China Center of Medical Sciences,Sichuan University）的前身为原卫生部直属的华西医科大学，是最早被列入国家“211工程”的四所综合性重点医科大学之一；其渊源于1910年美国、英国、加拿大等5个教会组织在成都华西坝创办的私立华西协合大学（West China Union University ），是中国最早的医学综合性大学，亦是中国现代高等医学教育的数个发端之一。','成都市人民南路三段17号','公交车','028-96761232'),('854657700@qq.com202068164841-1-1-1','春熙路','854657700@qq.com202068164841-1-1',1,5,'../scenery_avatar/854657700@qq.com20200612221543.jpg','成都最有名的商业步行街 类似于上海的南京路步行街 位于成都市中心繁华商业地段 天府广场以东2km左右 成都名小吃龙抄手就在春熙路 北口有王府井百货 南口有IFS国际金融中心 硕大的大熊猫翻墙的雕塑就在这里 吃喝玩乐都有 但主要是购物 所有来成都的游客都会必选到这里 在春熙路的中心地段还有敬重的孙中山先生塑像 顾名思义叫中山广场 但热情的成都人也称他为李伯清塑像 因为很像本土一位巴蜀笑星李伯清老师 建议纯游玩 因为购物的话 其实每个地方都能买到 可以在土特产专卖店买一些四川本地特色的美食 逛累了在中山广场左侧的巷子路或者王府井旁边的美食城吃特色小吃','成都市锦江区天府广场以东约一公里','地铁','028-67132323'),('854657700@qq.com202068164841-1-1-2','锦里','854657700@qq.com202068164841-1-1',2,5,'../scenery_avatar/854657700@qq.com20200612221559.jpg','锦里是成都武侯祠博物馆（三国历史遗迹区、锦里民俗区、西区）的一部分，占地30000余平方米，建筑面积14000余平方米，街道全长550米，以明末清初川西民居作外衣，三国文化与成都民俗作内涵，集旅游购物、休闲娱乐为一体。\n传说中锦里曾是西蜀历史上最古老、最具有商业气息的街道之一，早在秦汉、三国时期便闻名全国。现在，锦里占地30000余平方米，建筑面积14000余平方米，街道全长550米，以明末清初川西民居作外衣，三国文化与成都民俗作内涵，集旅游购物、休闲娱乐为一体。','成都市武侯祠大街231号','公交车','028-13132234'),('854657700@qq.com202068192729-1-1-1','天府广场','854657700@qq.com202068192729-1-1',1,4,'../scenery_avatar/854657700@qq.com20200612221357.jpg','天府广场，四川省及成都市的政治、文化中心和综合交通枢纽，地处成都市中心心脏地带。是人民东路，人民西路，人民中路与人民南路的起点。其形式与地位与北京天安门广场相似。\n天府广场占地面积8.8万平方米，形状为矩形，长比宽约1.5:1，地面全部由经过特殊工艺技术处理的浅色花岗岩条石铺成。\n天府广场既是成都市的经济、文化和商业中心，又是成都市的地铁交通枢纽地带，历来是成都乃至四川的象征，更是成都的一张城市名片。\n天府广场正北方的是首任中华人民共和国主席毛泽东雕像，它的高度达到30米，每逢盛大日子，中共四川省委与四川省人民政府都会令人清洗毛泽东主席雕像的灰尘。','成都市青羊区人民南路一段86号','地铁','028-68238382'),('854657700@qq.com202068192729-1-1-2','人民公园','854657700@qq.com202068192729-1-1',2,4,'../scenery_avatar/854657700@qq.com20200612221408.jpg','成都人民公园位于成都市区祠堂街少城路，占地112639平方米，是一座集文化文物与休闲娱乐于一体的综合性园林。公园始建于1911年，公园有金水溪、金鱼岛、盆景园等著名旅游景点。成都人民公园是一个集园林、文化、文物保护、爱国主义教育、休闲娱乐于一体的综合性公园。公园有全国重点文物保护单位一处、市级文物保护单位四处。成都公园是国家“AAAA\"级旅游景区。','成都市区祠堂街少城路','公交车','028-82134921'),('854657700@qq.com20206819387-1-1-1','人民公园','854657700@qq.com20206819387-1-1',1,4,'../scenery_avatar/854657700@qq.com20200612221149.jpg','成都人民公园位于成都市区祠堂街少城路，占地112639平方米，是一座集文化文物与休闲娱乐于一体的综合性园林。公园始建于1911年，公园有金水溪、金鱼岛、盆景园等著名旅游景点。成都人民公园是一个集园林、文化、文物保护、爱国主义教育、休闲娱乐于一体的综合性公园。公园有全国重点文物保护单位一处、市级文物保护单位四处。成都公园是国家“AAAA\"级旅游景区。','成都市区祠堂街少城路','公交车','028-91234123'),('854657700@qq.com20206819387-1-1-2','IFS国际金融中心','854657700@qq.com20206819387-1-1',2,4,'../scenery_avatar/854657700@qq.com20200612221158.jpg','成都国际金融中心（Chengdu International Finance Square），简称“成都IFS”，位于四川省成都市锦江区红星路和大慈寺路的交汇处 ，是集购物、文化娱乐、写字楼、酒店式公寓、酒店于一体的城市综合体 。','成都市锦江区红星路和大慈寺路的交汇处','地铁','028-87651324'),('854657700@qq.com202068194533-1-1-1','春熙路','854657700@qq.com202068194533-1-1',1,5,'../scenery_avatar/854657700@qq.com20200612220928.jpg','虽然有“百年春熙”一说，但春熙路是由军阀杨森于1924年建成。最初，成都市春熙路因杨森头衔“森威将军”而命名为“森威路”，后取老子《道德经》中：“众人熙熙，如享太牢，如登春台   ”的典故，改名为春熙路，以描述这里商业繁华、百姓熙来攘往、盛世升平的景象。','成都市锦江区春熙路街道，覆盖北新街以东、总府路以南','汽车','028-21349103'),('854657700@qq.com202068194533-1-1-2','锦里','854657700@qq.com202068194533-1-1',2,5,'../scenery_avatar/854657700@qq.com20200612220958.jpg','传说中锦里曾是西蜀历史上最古老、最具有商业气息的街道之一，早在秦汉、三国时期便闻名全国。现在，锦里占地30000余平方米，建筑面积14000余平方米，街道全长550米，以明末清初川西民居作外衣，三国文化与成都民俗作内涵，集旅游购物、休闲娱乐为一体。','成都武侯祠大街231号','汽车','028-84218281'),('854657700@qq.com202068195338-1-1-1','人民公园','854657700@qq.com202068195338-1-1',1,5,'../scenery_avatar/854657700@qq.com20200612220530.jpg','成都人民公园位于成都市区祠堂街少城路，占地112639平方米，是一座集文化文物与休闲娱乐于一体的综合性园林。公园始建于1911年，公园有金水溪、金鱼岛、盆景园等著名旅游景点。成都人民公园是一个集园林、文化、文物保护、爱国主义教育、休闲娱乐于一体的综合性公园。公园有全国重点文物保护单位一处、市级文物保护单位四处。成都公园是国家“AAAA\"级旅游景区。','成都市区祠堂街少城路','公交车','028-82139821'),('854657700@qq.com202068195338-1-1-2','春熙路','854657700@qq.com202068195338-1-1',2,5,'../scenery_avatar/854657700@qq.com20200612220618.jpg','同成都市的其他商圈相比，春熙路的最大特色在于汇集了众多品牌的各类专卖店、以及拥有众多的中华老字号商场，是外地游客和本地白领偏爱的购物地点。春熙路商圈中也不乏大型商场、酒店等。\n众多“中华老字号”的成都名小吃：钟水饺、赖汤圆、夫妻肺片、韩包子、龙抄手都聚集在春熙路上，同时也聚集了诸如麦当劳、肯德基、必胜客、哈根达斯、bread talk、曼联餐吧等快餐店和众多咖啡厅、茶馆等。','成都市锦江区春熙路街道，覆盖北新街以东、总府路以南','地铁','028-3123491'),('854657700@qq.com202068195338-2-1-1','乐山大佛','854657700@qq.com202068195338-2-1',1,5,'../scenery_avatar/854657700@qq.com20200612220634.jpg','乐山大佛开凿于唐代开元元年（713年），完成于贞元十九年（803年），历时约九十年。\n乐山大佛和凌云山、乌尤山、巨形卧佛等景点组成的乐山大佛景区属于国家5A级旅游景区， [1]  是世界文化与自然双重遗产峨眉山-乐山大佛的组成部分。','四川省乐山市南岷江东岸凌云寺侧，濒大渡河、青衣江和岷江三江汇流处。','汽车','028-21342813'),('854657700@qq.com202068195338-2-1-2','峨眉山','854657700@qq.com202068195338-2-1',2,5,'../scenery_avatar/854657700@qq.com20200612220819.jpg','峨眉山（Mount Emei）位于北纬30°附近，四川省西南部，四川盆地的西南边缘 ，是中国“四大佛教名山”之一，地势陡峭，风景秀丽，素有“峨眉天下秀”之称，山上的万佛顶最高，海拔3099米，高出峨眉平原2700多米。《峨眉郡志》云：“云鬘凝翠，鬒黛遥妆，真如螓首蛾眉，细而长，美而艳也，故名峨眉山。','峨眉山位于四川盆地西南部,西距峨眉山市7公里,东距乐山市37公里','汽车','028-2134912'),('854657700@qq.com202068195338-3-1-1','天府广场','854657700@qq.com202068195338-3-1',1,3,'../scenery_avatar/854657700@qq.com20200612220827.jpg','天府广场，四川省及成都市的政治、文化中心和综合交通枢纽，位于四川省成都市锦江区人民南路一段，地处成都市中心心脏地带。是人民东路，人民西路，人民中路与人民南路的起点。其形式与地位与北京天安门广场相似。','成都市青羊区人民南路一段','地铁','028-9861324'),('854657700@qq.com202068201121-1-1-1','锦里','854657700@qq.com202068201121-1-1',1,3,'../scenery_avatar/854657700@qq.com20200612220313.jpg','传说中锦里曾是西蜀历史上最古老、最具有商业气息的街道之一，早在秦汉、三国时期便闻名全国。现在，锦里占地30000余平方米，建筑面积14000余平方米，街道全长550米，以明末清初川西民居作外衣，三国文化与成都民俗作内涵，集旅游购物、休闲娱乐为一体。','成都武侯祠大街231号','汽车','028-97913921'),('854657700@qq.com202068201121-1-1-2','人民公园','854657700@qq.com202068201121-1-1',2,3,'../scenery_avatar/854657700@qq.com20200612220415.jpg','成都人民公园位于成都市区祠堂街少城路，占地112639平方米，是一座集文化文物与休闲娱乐于一体的综合性园林。公园始建于1911年，公园有金水溪、金鱼岛、盆景园等著名旅游景点。成都人民公园是一个集园林、文化、文物保护、爱国主义教育、休闲娱乐于一体的综合性公园。公园有全国重点文物保护单位一处、市级文物保护单位四处。成都公园是国家“AAAA\"级旅游景区。','成都市区祠堂街少城路','公交车','028-39139013'),('854657700@qq.com202068201121-2-1-1','泸沽湖','854657700@qq.com202068201121-2-1',1,4,'../scenery_avatar/854657700@qq.com20200612220423.jpg','泸沽湖属高原断层溶蚀陷落湖泊，属长江上游干流金沙江支流雅砻江支流理塘河水系。是云南省海拔最高的湖泊，是中国第三大深水湖泊。泸沽湖周边主要居住着摩梭人、彝族和普米族，沿岸居住有蒙古族7种民族，约1.3万人。优美的自然环境和奇特的民族风情，使这里成为著名的旅游景区','四川省盐源县与云南省宁蒗县交界处，为川滇共辖','汽车','028-76214813'),('854657700@qq.com202068201121-3-1-1','青羊宫','854657700@qq.com202068201121-3-1',1,3,'../scenery_avatar/854657700@qq.com20200612220434.jpg','青羊宫位于四川省成都市一环路西二段，被誉为“川西第一道观”、“西南第一丛林”，也是全国著名的道教宫观之一。\n青羊宫始建于周朝，原名青羊肆。至明朝，唐朝所建殿宇毁于兵灾。现存建筑大多为清代康熙六至十年（公元1667年——公元1671年）陆续重建，占地面积约12万平方米。','四川省成都市一环路西二段','公交车','028-89738713'),('854657700@qq.com20206820365-1-1-1','都江堰','854657700@qq.com20206820365-1-1',1,5,'../scenery_avatar/854657700@qq.com20200612220038.jpg','都江堰位于四川省成都市都江堰市城西，坐落在成都平原西部的岷江上，始建于秦昭王末年（约公元前256～前251） [1]  ，是蜀郡太守李冰父子在前人鳖灵开凿的基础上组织修建的大型水利工程，由分水鱼嘴、飞沙堰、宝瓶口等部分组成，两千多年来一直发挥着防洪灌溉的作用，使成都平原成为水旱从人、沃野千里的\"天府之国\"，至今灌区已达30余县市、面积近千万亩，是全世界迄今为止，年代最久、唯一留存、仍在一直使用、以无坝引水为特征的宏大水利工程，凝聚着中国古代劳动人民勤劳、勇敢、智慧的结晶。','四川省成都市都江堰市城西，坐落在成都平原西部的岷江上','汽车','028-23149131'),('854657700@qq.com20206820365-2-1-1','金川','854657700@qq.com20206820365-2-1',1,5,'../scenery_avatar/854657700@qq.com20200612220100.jpg','金川县，原名靖化县，隶属四川省阿坝州，位于川西北高原，阿坝藏族羌族自治州西南部，地处青藏高原东部边缘，大渡河上游，地跨东经101°13′-102°19′，北纬31°0′-31°58′，金川县幅员面积5524平方公里。金川属大陆性高原季风气候，多晴朗天气，昼夜温差较大，辖22个乡镇、110个行政村（社区），县政府驻地勒乌镇，截至2016年，金川县总人口7.24万人，农业人口占80%，少数民族人口占75%。','隶属四川省阿坝州，位于川西北高原，阿坝藏族羌族自治州西南部','汽车','028-24184131'),('854657700@qq.com20206820365-3-1-1','春熙路','854657700@qq.com20206820365-3-1',1,3,'../scenery_avatar/854657700@qq.com20200612220113.jpg','春熙路位于成都市锦江区春熙路街道，覆盖北新街以东、总府路以南、红星路以西、东大街以北、南新街、中新街以及临街区域，面积大约20公顷。春熙路热闹繁华，现大约有商业网点700家，网点面积大约220000㎡，被业内誉为中国特色商业街。','成都市锦江区春熙路街道，覆盖北新街以东、总府路以南','地铁','028-12936411'),('854657700@qq.com202068214251-1-1-1','古真记钵钵鸡','854657700@qq.com202068214251-1-1',1,5,'../scenery_avatar/854657700@qq.com20200612215719.jpg','当叶婆婆钵钵鸡开到 成都 来福士广场对面后，我去吃过一次，可能是没点对口味，感觉相当一般。这家钵钵鸡是在被推荐给我的@无尾象 催促了N次之后，慢慢摸过去的……\n\n我不知道 乐山 人的生物钟是怎样的，早上我吃早餐的时候看到有人吃跷脚牛肉，下午3点我到这儿来的时候，已经有人开始划拳喝啤酒俨然过上夜生活。','乐山市海棠路208号电力局旁','汽车','028-23214413'),('854657700@qq.com202068214251-1-1-2','鼓楼街三鲜冰粉','854657700@qq.com202068214251-1-1',2,4,'../scenery_avatar/854657700@qq.com20200612215821.jpg','在两栋房子的墙缝里，开出来一家需要排队才买得到的冰粉店。巷子门口是蛋烘糕摊位，很多人都是先买个蛋烘糕，再去排冰粉的队。\n蛋烘糕的老板也在这儿卖了十多年了，烤蛋皮很有一套，会在中间加一点点猪油，边上一圈酥脆，特别香。\n\n一个蛋烘糕，一碗三鲜冰粉，满足感超高的一餐下午茶。','乐山市鼓楼街23号','汽车','028-21421413'),('854657700@qq.com202068214251-1-1-3','小李油炸','854657700@qq.com202068214251-1-1',3,5,'../scenery_avatar/854657700@qq.com20200612215850.jpg','因为马路上的围挡挡住了去路，所以就放弃了早先计划要去的油炸，在这家破破旧旧的小店坐了下来。\n\n时间还早，店里的婆婆们都还在穿串串，老板娘挥挥手示意我去冰柜边看看想吃什么，她给我炸……','乐山市育贤街县街小学旁','汽车','028-21344213'),('854657700@qq.com202068214251-2-1-1','锦里','854657700@qq.com202068214251-2-1',1,5,'../scenery_avatar/854657700@qq.com20200612215914.jpg','传说中锦里曾是西蜀历史上最古老、最具有商业气息的街道之一，早在秦汉、三国时期便闻名全国。今天的锦里依托成都武侯祠，以秦汉、三国精神为灵魂，明、清风貌作外表，川西民风、民俗作内容，扩大了三国文化的外延。在这条街上，浓缩了成都生活的精华：有茶楼、客栈、酒楼、酒吧、戏台、风味小吃、工艺品、土特产，充分展现了三国文化和四川民风民俗的独特魅力。','成都武侯祠大街231号','公交车','028-13412124'),('854657700@qq.com2020682178-1-1-1','乐山大佛','854657700@qq.com2020682178-1-1',1,5,'../scenery_avatar/854657700@qq.com20200612215453.jpg','乐山大佛，又名凌云大佛，位于四川省乐山市南岷江东岸凌云寺侧，濒大渡河、青衣江和岷江三江汇流处。大佛为弥勒佛坐像，通高71米，是中国最大的一尊摩崖石刻造像。','位于四川省乐山市南岷江东岸凌云寺侧，濒大渡河、青衣江和岷江三江汇流处。','汽车','028-42132421'),('854657700@qq.com2020682178-2-1-1','峨眉景区','854657700@qq.com2020682178-2-1',1,5,'../scenery_avatar/854657700@qq.com20200612215502.jpg','峨眉山（Mount Emei）位于北纬30°附近，四川省西南部，四川盆地的西南边缘  ，是中国“四大佛教名山”之一，地势陡峭，风景秀丽，素有“峨眉天下秀”之称，山上的万佛顶最高，海拔3099米，高出峨眉平原2700多米。《峨眉郡志》云：“云鬘凝翠，鬒黛遥妆，真如螓首蛾眉，细而长，美而艳也，故名峨眉山。','四川省西南部，四川盆地的西南边缘','汽车','028-23891131'),('854657700@qq.com2020682178-3-1-1','人民公园','854657700@qq.com2020682178-3-1',1,5,'../scenery_avatar/854657700@qq.com20200612215535.jpg','成都人民公园位于成都市区祠堂街少城路，占地112639平方米，是一座集文化文物与休闲娱乐于一体的综合性园林。公园始建于1911年，公园有金水溪、金鱼岛、盆景园等著名旅游景点。成都人民公园是一个集园林、文化、文物保护、爱国主义教育、休闲娱乐于一体的综合性公园。公园有全国重点文物保护单位一处、市级文物保护单位四处。成都公园是国家“AAAA\"级旅游景区。','成都市区祠堂街少城路','公交车','028-21384123'),('854657700@qq.com202068221721-1-1-1','伊犁农场','854657700@qq.com202068221721-1-1',1,5,'../scenery_avatar/854657700@qq.com20200612215136.jpg','冰火红提,是伊犁谷地的特产品种。伊犁地区日夜温差极大(日夜温差可达几十度),可谓“冰火两重天”的气候,造就了伊利农场红提独有的甘甜:白天超长的光 照时间使植物进行更长时间的光合作用。','乌鲁木齐市友好南路421号金领时代','汽车','028-21421941'),('854657700@qq.com202068221721-1-1-2','赛里木湖','854657700@qq.com202068221721-1-1',2,5,'../scenery_avatar/854657700@qq.com20200612215204.jpg','赛里木湖（Sayram Lake）：省级旅游名胜景区，第五批国家级风景名胜区，是新疆海拔最高、面积最大、风光秀丽的高山湖泊，又是大西洋暖湿气流最后眷顾的地方，因此有“大西洋最后一滴眼泪”的说法。','新疆博尔塔拉州博乐市','汽车','028-21412341'),('854657700@qq.com202068221721-2-1-1','果子沟大桥','854657700@qq.com202068221721-2-1',1,3,'../scenery_avatar/854657700@qq.com20200612215247.jpg','果子沟大桥（Guozigou Bridge），是中国新疆维吾尔自治区境内高速通道，位于果子沟峡谷上，是连云港—霍尔果斯高速公路（国家高速G30）主要构成部分之一，也是新疆重要民生工程。','中国新疆维吾尔自治区','汽车','028-12421413'),('854657700@qq.com202068221721-2-1-2','那拉提','854657700@qq.com202068221721-2-1',2,5,'../scenery_avatar/854657700@qq.com20200612215314.jpg','那拉提旅游风景区，位于新疆新源县境内，地处天山腹地，伊犁河谷东端，总规划面积960平方公里。风景区自南向北由高山草原观光区、哈萨克民俗风情区、旅游生活区组成。','新疆新源县境内，地处天山腹地，伊犁河谷东端','汽车','028-21421313'),('854657700@qq.com20206822231-1-1-1','清明上河园','854657700@qq.com20206822231-1-1',1,5,'../scenery_avatar/854657700@qq.com20200612214841.jpg','清明上河园是由河南省开封市人民政府与海南置地集团公司合作建设的一座大型宋代文化实景主题公园，坐落在开封市龙亭湖西岸，是国家首批AAAAA级旅游景区和中国非物质文化遗产展演基地。它是以画家张择端的写实画作《清明上河图》为蓝本，按照《营造法式》为建设标准，以宋朝市井文化、民俗风情、皇家园林和古代娱乐为题材，以游客参与体验为特点的文化主题公园。集中再现原图风物景观的大型宋代民俗风情游乐园，再现了古都汴京千年繁华的胜景。2009年，清明上河园成为中国世界纪录协会中国第一座以绘画作品为原型的仿古主题公园，是国家黄河黄金旅游专线重点历史文化旅游景区。清明上河园作为集历史文化旅游、民俗风情旅游、休闲度假旅游、趣味娱乐旅游和生态环境旅游于一体的主题文化公园，突出体现了观赏性、知识性、娱乐性、参与性和情趣性等特点。','河南省开封市龙亭区龙亭西路5号','汽车','028-21348971'),('854657700@qq.com20206822231-1-1-2','开封府','854657700@qq.com20206822231-1-1',2,0,'../scenery_avatar/854657700@qq.com20200612214908.jpg','开封府，位于包公东湖北岸，是北宋京都官吏行政、司法的衙署，被誉为天下首府，国家AAAA级旅游景区。史料记载，北宋开封府共有183任府尹，尤以包公打座南衙而驰名中外。重建的开封府，占地60余亩，建筑面积1.36万平方米，与位于包公西湖的包公祠相呼应，同碧波荡漾的三池湖水相映衬，形成了东府西祠、楼阁碧水的秀美景观。','开封市鼓楼区包公东湖北岸','汽车','028-21421431'),('854657700@qq.com20206822231-2-1-1','大相国寺','854657700@qq.com20206822231-2-1',1,5,'../scenery_avatar/854657700@qq.com20200612214939.jpg','大相国寺位于开封市中心，是中国著名的佛教寺院，始建于北齐天保六年（555年）。原名建国寺，唐代延和元年（712年），唐睿宗因纪念其由相王登上皇位，赐名大相国寺。北宋时期，相国寺深得皇家尊崇，多次扩建，占地达540亩，辖64个禅、律院，养僧千余人，是京城最大的寺院和全国佛教活动中心。《水浒传》描写的鲁智深倒拔垂杨柳的故事，就发生在其所辖之地。后因战乱水患而损毁。清康熙十年（1671年）重修。目前保存有天王殿、大雄宝殿、八角琉璃殿、藏经楼、千手千眼佛等殿宇古迹。\n','开封市鼓楼区自由路西段36号','汽车','028-21482143'),('854657700@qq.com20206822231-2-1-2','大宋东京梦华','854657700@qq.com20206822231-2-1',2,4,'../scenery_avatar/854657700@qq.com20200612215014.jpg','春节期间，清明上河园有丰富多彩的民俗表演活动，贯穿全天，买票时游客会拿到一个地图，上面有各个表演所在的区域和开始的时间。夜间会有《大宋东京梦华》实景演出，这个演出是单独买票，全年都有，由于观看场地是露天的，冬天晚上不推荐观看，太冷了。','河南省开封市龙亭区龙亭西路5号','汽车','028-86771243'),('854657700@qq.com202068222944-1-1-1','台北故宫','854657700@qq.com202068222944-1-1',1,4,'../scenery_avatar/854657700@qq.com20200612214531.jpg','目前，台北故宫博物院馆藏文物有近七十万件，主要为原北京故宫旧藏，此外还有南京故宫、沈阳故宫、承德避暑山庄、颐和园、静宜园和国子监等处的皇家旧藏，以及其后购得和征集的文物。其中，馆藏的商周青铜器，历代玉器、陶瓷、古籍文献、名画碑帖等，不乏稀世之珍。','台北士林区至善路221号','汽车','89313413'),('854657700@qq.com202068222944-1-1-2','西门町','854657700@qq.com202068222944-1-1',2,5,'../scenery_avatar/854657700@qq.com20200612214556.jpg','西门町位于台北市万华区东北方，是台北西区最重要的消费商圈。西门町的地名来自日本，当时的居民大多居住于台北城内，而西门区域就是他们的休憩场所，1896年，这里有了第一家戏院“东京亭”，1922年时，正式以“西门町”为名。','台湾台北市万华区','汽车','215647345'),('854657700@qq.com202068222944-2-1-1','台北101大楼','854657700@qq.com202068222944-2-1',1,5,'../scenery_avatar/854657700@qq.com20200612214612.jpg','台北101大楼（Taipei 101 building），前名台北国际金融中心（Taipei Financial Center），又名台北101、台北金融大楼，位于中国台湾省台北市信义区，坐落于台湾省台北信义区金融贸易区中心，东临信义广场，北依信义21号公园，西近富士洋行，南靠台北捷运信义线','中国台湾省台北市信义区','汽车','21532643'),('854657700@qq.com202068222944-2-1-2','中正纪念堂','854657700@qq.com202068222944-2-1',2,5,'../scenery_avatar/854657700@qq.com20200612214638.jpg','中正纪念堂包括纪念楼、中正纪念公园、牌楼、围捕、瞻仰大道、两侧为剧院及音乐厅。纪念楼造型仿北京天坛之顶、埃及金字塔之体，是中国宫殿式建筑，整体建筑则以蓝、白二色搭配相和，有着自由、平等的寓意。中正纪念堂以高耸的纪念楼为中心，一楼主要以展览室和放映室为主，展示蒋介石生平事迹文物，顶楼则为蒋介石铜像，两旁驻守着卫兵。除了纪念楼外，中正纪念堂前的广场也是台北市的文艺中心。','台北市中正区中山南路21号','汽车','35362132'),('854657700@qq.com202068222944-3-1-1','猫空缆车','854657700@qq.com202068222944-3-1',1,5,'../scenery_avatar/854657700@qq.com20200612214720.jpg','猫空缆车，简称猫缆，是台湾省台北市文山区于2007年7月4日启用之缆车系统。路线由台北市立动物园西侧至猫空地区，全长4.03公里，设有4站：动物园站、动物园南站、指南宫站、猫空站。特点在于为台北市首座观光休憩缆车，及台湾最长、首座具有大众运输性质的缆车。','中国台湾省台北市','汽车','53524123'),('854657700@qq.com202068224252-1-1-1','航拍开元寺双塔','854657700@qq.com202068224252-1-1',1,5,'../scenery_avatar/854657700@qq.com20200612214143.jpg','开元寺双塔，中国古代佛塔。位于福建泉州市西街开元寺，东塔名镇国，西塔名仁寿，耸立于东西广场，相距约200米。东塔始建于唐咸通六年(865)，为木塔，宋宝庆三年(1227)改建为砖塔，嘉熙二年至淳祐十年(1238～1250)重建，改为石塔。高48.24米， 塔基须弥座上有浮雕的释迦牟尼本生故事30多幅。塔身的每一门龛有浮雕的佛像，雕工精细，神态生动。西塔始建于五代后梁贞明二年 (916)，初为木塔。北宋时改建为砖塔。南宋绍定元年至嘉熙元年(1228～1237)改建为石塔。高44.06米，双塔均仿楼阁式木塔结构，八角五级，巍峨壮丽，为石塔建筑的珍品。','福建泉州市西街开元寺，东塔名镇国，西塔名仁寿，耸立于东西广场，相距约200米','汽车','41234131'),('854657700@qq.com202068224252-1-1-2','天后宫','854657700@qq.com202068224252-1-1',2,5,'../scenery_avatar/854657700@qq.com20200612214252.jpg','泉州天后宫，位于泉州市区南门天后路一号，始建宋庆元二年（公元1196年），泉州是我国海外贸易最高峰--宋元时期的最大港口，妈祖因被引进至海外交通贸易繁盛的泉州港，成为泉州海神，并因漕运及海外交通的发展，成为全国性海神并远播海外  ，所建官庙宫址地处城南晋江之滨，“蕃舶客航聚集之地”，国际观瞻所在，所建庙宇是海内外同类建筑中礼制规格最高','泉州市区南门天后路一号','汽车','53241313'),('854657700@qq.com202068224252-1-2-1','沙坡尾','854657700@qq.com202068224252-1-2',1,5,'../scenery_avatar/854657700@qq.com20200612214325.jpg','沙坡尾是厦门港的源起之地，从清代起就作为避风港。 沙坡尾是厦港街道辖7个社区之一，南侧毗邻南普陀寺和厦门大学，其名来源是因为这里是一大段沙滩的最末端。早期的厦门港是一处弧形的海湾，这一带海湾呈月牙型，金色的沙滩连成一片，故有“玉沙坡”美称。','福建省厦门市','汽车','42133123'),('854657700@qq.com202068224252-1-2-2','鼓浪屿','854657700@qq.com202068224252-1-2',2,5,'../scenery_avatar/854657700@qq.com20200612214353.jpg','鼓浪屿（英文：Kulangsu） 隶属于厦门市思明区鼓浪屿街道，原名“圆沙洲”，别名“圆洲仔”，南宋时期命“五龙屿”，明朝改称“鼓浪屿”。下辖龙头社区、内厝澳社区，辖区禁止机动车辆通行（警消等除外）至高点为日光岩，与厦门岛上的厦门世茂海峡大厦、厦门大学等隔海相望。','厦门市思明区鼓浪屿街道','汽车','64352321'),('854657700@qq.com202068225210-1-1-1','天安门','854657700@qq.com202068225210-1-1',1,5,'../scenery_avatar/854657700@qq.com20200612213835.jpg','天安门广场，位于北京市中心，地处北京市东城区东长安街，北起天安门，南至正阳门，东起中国国家博物馆，西至人民大会堂，南北长880米，东西宽500米，面积达44万平方米，可容纳100万人举行盛大集会，是世界上最大的城市广场。','地处北京市东城区东长安街，北起天安门，南至正阳门','汽车','21512312'),('854657700@qq.com202068225210-1-1-2','颐和园','854657700@qq.com202068225210-1-1',2,5,'../scenery_avatar/854657700@qq.com20200612213906.jpg','颐和园，中国清朝时期皇家园林，前身为清漪园，坐落在北京西郊，距城区15公里，占地约290公顷（2.9平方千米），与圆明园毗邻。它是以昆明湖、万寿山为基址，以杭州西湖为蓝本，汲取江南园林的设计手法而建成的一座大型山水园林，也是保存最完整的一座皇家行宫御苑，被誉为“皇家园林博物馆”，也是国家重点旅游景点。','北京市海淀区','汽车','36351313'),('854657700@qq.com202068225210-2-1-1','八达岭长城','854657700@qq.com202068225210-2-1',1,5,'../scenery_avatar/854657700@qq.com20200612213937.jpg','八达岭长城，位于北京市延庆区军都山关沟古道北口。是中国古代伟大的防御工程万里长城的重要组成部分，是明长城的一个隘口。八达岭长城为居庸关的重要前哨，古称“居庸之险不在关而在八达岭”。','北京市延庆区军都山关沟古道北口','汽车','54263412'),('854657700@qq.com202068225210-2-1-2','天坛','854657700@qq.com202068225210-2-1',2,3,'../scenery_avatar/854657700@qq.com20200612214002.jpg','天坛，在北京市南部，东城区永定门内大街东侧。占地约273万平方米。天坛始建于明永乐十八年（1420年），清乾隆、光绪时曾重修改建。为明、清两代帝王祭祀皇天、祈五谷丰登之场所。天坛是圜丘、祈谷两坛的总称，有坛墙两重，形成内外坛，坛墙南方北圆，象征天圆地方。主要建筑在内坛，圜丘坛在南、祈谷坛在北，二坛同在一条南北轴线上，中间有墙相隔。圜丘坛内主要建筑有圜丘坛、皇穹宇等等，祈谷坛内主要建筑有祈年殿、皇乾殿、祈年门等','东城区永定门内大街东侧','汽车','6345341'),('854657700@qq.com2020682310-1-1-1','大东海','854657700@qq.com2020682310-1-1',1,5,'../scenery_avatar/854657700@qq.com20200612213517.jpg','大东海位于三亚市的榆林港和鹿回头之间。三亚大东海旅游景区被评为4A级景区，成为三亚首家零收费开放式景区。大东海是三亚的一处标志，被国家旅游局评为“中国四十佳景”之一。','三亚市的榆林港和鹿回头之间','汽车','53241233'),('854657700@qq.com2020682310-1-1-2','亚龙湾','854657700@qq.com2020682310-1-1',2,3,'../scenery_avatar/854657700@qq.com20200612213551.jpg','亚龙湾是中华人民共和国海南省三亚市东郊的一处优质热带海滨风景区，距离市中心区约10公里。海湾以野猪岛为中心，南有东洲岛、西洲岛，西面有东排、西排，可开展多种水上运动。','海南省三亚市东郊','汽车','63231132'),('854657700@qq.com2020682310-2-1-1','椰梦长廊','854657700@qq.com2020682310-2-1',1,5,'../scenery_avatar/854657700@qq.com20200612213615.jpg','椰梦长廊是环三亚湾修建的一条著名的海滨风景大道，有“亚洲第一大道”之称。三亚湾滨海大道——“椰梦长廊”与三亚市区连接，交通便利。\n其沙滩坡度平缓，曲线优美，海水清澈见底。冬可避寒、夏能消暑，是以热带海洋风光，中国传统文化、南国民族风情为特点的国际一流避寒和休闲度假胜地。','椰梦长廊紧挨三亚市区，绵延22公里，岸上绿树带有著名的二十里椰林画廊','汽车','3252133'),('854657700@qq.com2020682310-2-1-2','天涯海角','854657700@qq.com2020682310-2-1',2,5,'../scenery_avatar/854657700@qq.com20200612213654.jpg','涯海角游览区位于海南省三亚市西南方向23千米处，位于三亚湾和红塘湾之间的岬角上。总面积为16.4平方千米，其中陆域面积10.4平方千米，海域面积为6平方千米。 因景区两块巨石分别刻有“天涯”、“海角”及郭沫若先生题写的“天涯海角游览区”而得名。','海南省三亚市','汽车','51312343'),('854657700@qq.com202069103217-1-1-1','心斋桥','854657700@qq.com202069103217-1-1',1,3,'../scenery_avatar/854657700@qq.com20200612213222.jpg','心斋桥（しんさいばし）作为大阪最大的购物区，集中了许多精品屋和专卖店，从早到晚熙熙攘攘，到处是市民和游客的人流。','日本大阪','汽车','21342313'),('854657700@qq.com202069103217-1-1-2','大阪城 ','854657700@qq.com202069103217-1-1',2,5,'../scenery_avatar/854657700@qq.com20200612213252.jpg','大阪城（大坂城、おおさかじょう），是在安土桃山时代建筑于摂津国东成郡生玉荘大坂，并于江户时代重新修筑的日本城堡。别称为锦城、金城  。位于日本大阪市中央区的大阪城公园内。为大阪名胜之一，和名古屋城、熊本城并列日本历史上的三名城。','日本大阪府','汽车','24132132'),('854657700@qq.com202069103217-2-1-1','伏见稻荷大社','854657700@qq.com202069103217-2-1',1,5,'../scenery_avatar/854657700@qq.com20200612213321.jpg','日本伏见稻荷大社建于8世纪，主要是祀奉以宇迦之御魂神为首的诸位稻荷神。稻荷神是农业与商业的神明，香客前来祭拜求取农作丰收、生意兴隆、交通安全。它是京都地区香火最盛的神社之一。','日本京都市','汽车','12425213'),('854657700@qq.com202069103217-2-1-2','清水寺','854657700@qq.com202069103217-2-1',2,3,'../scenery_avatar/854657700@qq.com20200612213352.jpg','清水寺是日本佛教法相宗（北派）的本宗，位于京都市内东山区的清水，占地面积达13万平方米，始建于778年。\n清水寺是京都最古老的寺院，曾数次被烧毁并重建，本堂前悬空的清水舞台是日本国宝级文物，四周绿树环抱，春季时樱花烂漫，是京都的赏樱名所之一，秋季时红枫飒爽，又是赏枫胜地。','京都府京都市东山区清水1-294','汽车','24213131'),('854657700@qq.com202069145013-1-1-1','罗西奥广场','854657700@qq.com202069145013-1-1',1,4,'../scenery_avatar/854657700@qq.com20200612212054.jpg','这里是里斯本的交通枢纽，地铁Rossio站和多路公交都经过这里。里斯本的老城区面积不大，大部分的景点都可以从这里步行到，往北是自由大道(Av da Liberdade)直通彭巴侯爵广场(Pra？a doMarquês de Pombal)。一路上除了很多奢侈品店还有些特色店铺值得一看，往西是夜生活的圣地Bairro Alto(高区)，往南和往东就是必游的Baixa/Chiado(低区)和Alfama(阿法玛)。','葡萄牙里斯本','汽车','2132134'),('854657700@qq.com202069145013-1-1-2','热罗尼莫斯修道院','854657700@qq.com202069145013-1-1',2,2,'../scenery_avatar/854657700@qq.com20200612212131.jpg','圣哲罗姆派修道院，如从葡萄牙语音译为热罗尼莫斯修道院，是位于葡萄牙里斯本贝伦区的华丽宏伟的修道院，可以说是在里斯本最为突出的古迹，在曼努埃尔式建筑中最为成功的一例。1983年与附近的贝伦塔搭档被联合国教科文组织列为世界文化遗产。','葡萄牙牙斯本贝伦区','汽车','21527453'),('854657700@qq.com202069145013-2-1-1','大航海纪念碑','854657700@qq.com202069145013-2-1',1,4,'../scenery_avatar/854657700@qq.com20200612212203.jpg','葡萄牙航海纪念碑 (Padrão dos Descobrimentos)建于1960年，位于里斯本贝伦塔附近，屹立于海旁的广场上，气势不凡，已成为葡萄牙的象征。','葡萄牙里斯本','汽车','6543212'),('854657700@qq.com202069145013-2-1-2','贝伦塔','854657700@qq.com202069145013-2-1',2,5,'../scenery_avatar/854657700@qq.com20200612212235.jpg','贝伦塔（Torre de Belém），或称圣文森特塔（Torre de São Vicente），是坐落于里斯本的十六世纪防御工事，修建于葡萄牙文艺复兴高潮时期，为葡萄牙曼努埃尔风格的杰出代表，1983年被列为世界文化遗产。此塔不仅是见证葡萄牙曾经辉煌的历史遗迹，它的独特建筑风格和其特殊的地理位置为它带来了世界各地旅游观光者，是里斯本最上游客镜头的一个风景点。历史上被用作海关、电报站、甚至是灯塔，也曾利用贮藏室改造成地牢作为监狱。在大航海时代，也是航海家们的起点。','葡萄牙里斯本','汽车','7856747'),('854657700@qq.com202069145013-3-1-1','伊斯兰艺术博物馆','854657700@qq.com202069145013-3-1',1,5,'../scenery_avatar/854657700@qq.com20200612212300.jpg','这是贝聿铭设计的建筑，是迄今为止最为全面的以伊斯兰艺术为主题的博物馆，简洁的白色石灰石，以几何式的方式叠加成为伊斯兰的风格建筑，中央的穹顶连接器不同的空间，古朴自然。博物馆中的展品横跨7世纪到19世纪，有些堪称为伊斯兰艺术的珍品。','葡萄牙多哈','汽车','1278462'),('854657700@qq.com202069145726-1-1-1','米拉贝尔花园','854657700@qq.com202069145726-1-1',1,1,'../scenery_avatar/854657700@qq.com20200612211551.jpg','米拉贝尔花园面积不大，景色主要靠花草的造型和色彩来衬托。所以冬天来这里，即使下雪的时候白雪皑皑独有一番感觉，却始终少了那么点味道。 \n\n米拉贝尔花园北侧是一片草坪还有一个小山丘，是放松休息的好去处。花园内部分为主区，东侧有一片小小的玫瑰园，西侧的林荫道附近有一个石头小舞台，还有走上楼梯过小桥才能看到的小矮人花园。小矮人那一区说是花园，其实就是一片地上种了一圈树，然后还有一圈不同造型、栩栩如生的小矮人，可惜这里冬天的时候会被关闭。 ','Mirabellplatz 1，5020 Salzburg','火车','2154374'),('854657700@qq.com202069145726-1-1-2','萨尔茨堡城堡','854657700@qq.com202069145726-1-1',2,5,'../scenery_avatar/854657700@qq.com20200612211629.jpg','萨尔茨堡城堡可说是萨尔茨堡城内的标志性建筑，位于老城区山上，历史悠久，始建于1077年，由历任总主教逐步扩建而成，是欧洲最大的中世纪城堡之一。据2012年统计，每年来城堡参观的游客超过996,000人次，是奥地利最热门的景点之一。 \n','Mönchsberg 34，5020 Salzburg','公交车','12534652'),('854657700@qq.com202069145726-2-1-1','国王湖','854657700@qq.com202069145726-2-1',1,5,'../scenery_avatar/854657700@qq.com20200612211702.jpg','国王湖(Konigssee)是德国最深的湖泊，位于德国和奥地利边境的小城贝希特斯加登（Berchtesgaden）南方5公里，是一个狭长的优美湖泊。位于高1885公尺的Kehlstein山项。1937年时，建了这座招待所作为希特勒生日贺礼，之後鹰堡便成为战时希特勒用来招待盟友玩乐及与盖世太保们开会的地方，现今鹰堡已成为山顶餐厅及展望台。国王湖在巴伐利亚州南部群山环绕之中，是一个因冰河侵蚀而成的湖泊，极像北欧的峡湾风貌，湖水清澈。这湖水平如镜，碧胜美玉，四面环山，山势险峻，感觉像是哪位巨人在这山间横劈一斧，乘船行于其间，犹如仙境一般，被誉为德国最美的湖泊。 ','Seestraße 3 83471 Schönau a. Königssee;','火车','21656812'),('854657700@qq.com20206995941-1-1-1','蓬莱阁','854657700@qq.com20206995941-1-1',1,5,'../scenery_avatar/854657700@qq.com20200612211158.jpg','蓬莱阁位于山东省烟台市蓬莱市，是一处古建群。蓬莱阁的主体建筑建于宋朝嘉祐六年（1061年），素以“人间仙境”著称于世，其“八仙过海”传说和“海市蜃楼”奇观享誉海内外。','山东省烟台市蓬莱市','汽车','023-42134123'),('854657700@qq.com20206995941-1-1-2','烟台龙口南山景区南山旅游景区','854657700@qq.com20206995941-1-1',2,5,'../scenery_avatar/854657700@qq.com20200612211215.jpg','南山旅游风景区为国家AAAAA级旅游景区之一，它位\n\n于山东省烟台龙口市境内景色秀丽的卢山之中，景区内的南山禅寺、香水庵、灵源观、文峰塔、南山古文化苑等景点均系晋、唐、宋、元、明、清代遗迹，千年古刹，可谓圣地重光，更添新颜。','山东省烟台市龙口市中南部山区','汽车','023-14134231'),('854657700@qq.com20206995941-2-1-1','烟台山景区','854657700@qq.com20206995941-2-1',1,5,'../scenery_avatar/854657700@qq.com20200612211250.jpg','烟台山景区是烟台的标志性景区，位于烟台市区北端，面积45公顷，由烟台山公园发展而成，烟台山景区三面环海，是集海滨自然风光、开埠文化、文物遗址、人文自然景观和异国风情于一体的山、海、城、港连为一体的特色景观，浓缩了烟台600多年的沧桑历史，是烟台历史重要发祥地和象征。烟台山景区以狼烟墩台、灯塔和外国领事馆西式建筑著称，主要景点有墩台灯塔、燕台石、抗日烈士纪念碑、石船、惹浪亭、观海楼和原各国领事馆区。','山东省烟台市芝罘区','汽车',''),('854657700@qq.com20206995941-2-2-1','三孔景区','854657700@qq.com20206995941-2-2',1,5,'../scenery_avatar/854657700@qq.com20200612211259.jpg','山东省曲阜市的孔府、孔庙、孔林，统称曲阜“三孔”，是中国历代纪念孔子，推崇儒学的表征，是历代儒客朝圣之地。','山东省曲阜市静轩中路与大成路交叉口','汽车','023-42138231'),('854657700@qq.com20206995941-3-1-1','千佛山','854657700@qq.com20206995941-3-1',1,5,'../scenery_avatar/854657700@qq.com20200609102959.jpeg','千佛山位于山东省济南市历下区，是济南三大名胜之一，古称历山，因为古史称舜在历山耕田的缘故，又曾名舜山和舜耕山。隋开皇年间（581年一600年），因佛教盛行，随山势雕刻了数千佛像，故称千佛山。','山东省济南市历下区经十一路18号','汽车','028-42148513');
/*!40000 ALTER TABLE `scenery_info` ENABLE KEYS */;
UNLOCK TABLES;

--
-- Table structure for table `user_info`
--

DROP TABLE IF EXISTS `user_info`;
/*!40101 SET @saved_cs_client     = @@character_set_client */;
/*!50503 SET character_set_client = utf8mb4 */;
CREATE TABLE `user_info` (
  `user_id` varchar(40) NOT NULL COMMENT '邮箱',
  `user_password` varchar(12) NOT NULL COMMENT '6-12位,至少两种字符',
  `user_nickname` varchar(40) DEFAULT NULL COMMENT '用户昵称',
  `user_avatar` varchar(100) DEFAULT NULL COMMENT '用户头像索引',
  `user_birthday` varchar(20) DEFAULT NULL COMMENT '年龄',
  `user_type` varchar(20) NOT NULL DEFAULT 'general_user',
  `user_sex` varchar(10) DEFAULT 'male',
  `user_city` varchar(10) DEFAULT NULL,
  `user_profile` varchar(45) NOT NULL DEFAULT '我很懒，还没有介绍' COMMENT '个人简介',
  `user_state` varchar(5) NOT NULL DEFAULT 'N' COMMENT '激活状态',
  `user_code` varchar(20) DEFAULT NULL COMMENT '激活码，唯一',
  PRIMARY KEY (`user_id`),
  UNIQUE KEY `user_id_UNIQUE` (`user_id`)
) ENGINE=InnoDB DEFAULT CHARSET=utf8mb4 COLLATE=utf8mb4_0900_ai_ci COMMENT='用户基础信息表';
/*!40101 SET character_set_client = @saved_cs_client */;

--
-- Dumping data for table `user_info`
--

LOCK TABLES `user_info` WRITE;
/*!40000 ALTER TABLE `user_info` DISABLE KEYS */;
INSERT INTO `user_info` VALUES ('1205767729@qq.com','WOLOVE969789','孙安亮','../user_avatar/1205767729@qq.com.jpg','2020-06-18','general_user','1','成都','特立独行，热爱旅游','Y','478420'),('1632408202@qq.com','WOLOVE969789','洋洋洒洒','../user_avatar/1632408202@qq.com.png','2020-06-06','general_user','0','成都','微笑面对人生','Y','442156'),('854657700@qq.com','z8888888','xiaohu','../user_avatar/854657700@qq.com.jpg','1997-08-10','general_user','1','成都','我很懒，还没有介绍','Y','854606'),('liujingxiang971018@163.com','WOLOVE969789','好好生活','../user_avatar/liujingxiang971018@163.com.jpg','2020-06-06','general_user','1','成都','我很好','Y','849744');
/*!40000 ALTER TABLE `user_info` ENABLE KEYS */;
UNLOCK TABLES;

--
-- Dumping events for database 'findscenery'
--
/*!40103 SET TIME_ZONE=@OLD_TIME_ZONE */;

/*!40101 SET SQL_MODE=@OLD_SQL_MODE */;
/*!40014 SET FOREIGN_KEY_CHECKS=@OLD_FOREIGN_KEY_CHECKS */;
/*!40014 SET UNIQUE_CHECKS=@OLD_UNIQUE_CHECKS */;
/*!40101 SET CHARACTER_SET_CLIENT=@OLD_CHARACTER_SET_CLIENT */;
/*!40101 SET CHARACTER_SET_RESULTS=@OLD_CHARACTER_SET_RESULTS */;
/*!40101 SET COLLATION_CONNECTION=@OLD_COLLATION_CONNECTION */;
/*!40111 SET SQL_NOTES=@OLD_SQL_NOTES */;

-- Dump completed on 2020-06-18 17:47:24
